round	persona	findings_produced	findings_revised	challenges_issued	flip_count	status
0	VacuumEngineer	5	0	0	0	independent_analysis
0	GlassWorker	5	0	0	0	independent_analysis
0	MaterialsScientist	5	0	0	0	independent_analysis
0	ElecEngineer	4	0	0	0	independent_analysis
0	DIYMaker	5	0	0	0	independent_analysis
0	SafetyRedTeam	5	0	0	0	independent_analysis
0	SupplyChain	5	0	0	0	independent_analysis
0	DevilsAdvocate	5	0	0	0	independent_analysis
1	VacuumEngineer	5	0	1	0	debate_round_1
1	GlassWorker	5	0	1	0	debate_round_1
1	MaterialsScientist	5	0	1	0	debate_round_1
1	ElecEngineer	4	0	1	0	debate_round_1
1	DIYMaker	5	1	1	1	debate_round_1
1	SafetyRedTeam	5	0	1	0	debate_round_1
1	SupplyChain	5	1	1	0	debate_round_1
1	DevilsAdvocate	5	0	1	0	debate_round_1
2	VacuumEngineer	5	0	1	0	debate_round_2
2	GlassWorker	5	0	1	0	debate_round_2
2	MaterialsScientist	5	1	0	0	debate_round_2
2	ElecEngineer	4	0	0	0	debate_round_2
2	DIYMaker	5	0	1	0	debate_round_2
2	SafetyRedTeam	5	0	1	0	debate_round_2
2	SupplyChain	5	0	1	0	debate_round_2
2	DevilsAdvocate	5	0	1	1	debate_round_2
3	VacuumEngineer	5	1	0	1	debate_round_3
3	GlassWorker	5	1	0	1	debate_round_3
3	ElecEngineer	4	0	1	0	debate_round_3
3	DIYMaker	5	0	1	0	debate_round_3
3	SafetyRedTeam	5	0	1	0	debate_round_3
3	DevilsAdvocate	5	1	0	1	debate_round_3
